Temperature,L,R,A_M,Color,Spectral_Class,Type
3134,4,196,13.21,Red,M,1
3780,200000,1324,-10.7,Red,M,5
24345,142000,57,-6.24,Blue,O,4
13340,109,116,12.9,Blue,B,2
4526,153,865,6.506,Yellowish,K,3
3531,93,976,19.94,Red,M,0
21904,748490,1130,-7.67,Blue White,B,5
3496,125,336,14.94,Red,M,1
2914,631,116,18.39,Red,M,0
12098,689,07.01,0.02,Blue White,A,3
19360,125,998,11.62,Blue,B,2
19400,10920,06.03,-3.08,Blue White,B,3
22350,12450,6.36,-3.67,Blue White,B,3
24630,363000,63,-5.83,Blue,O,4
3129,122,3.761,11.79,Red,M,1
3750,283000,1260,-7.63,Red,M,5
7723,14,878,14.81,White,A,2
16500,13,14,11.89,Blue White,B,2
8250,9.25,1.93,-0.98,yellow-White,F,3
3628,55,393,10.48,Red,M,1
38234,272830,1356,-9.29,Blue,O,5
2856,896,782,19.56,Red,M,0
2861,19,899,16.71,Red,M,0
2774,36,118,17.39,Red,M,0
6757,1.43,1.12,2.41,yellow-White,F,3
5300,0.59,0.91,5.49,yellow-White,F,3
11790,15,11,12.59,Yellowish White,F,2
3453,621,773,17.08,Red,M,0
25070,14500,5.92,-3.98,Blue White,B,3
2935,87,932,16.88,Red,M,0
27739,849420,1252,-7.59,Blue White,B,5
13023,998,6.21,-1.38,Blue White,A,3
3345,21,273,12.3,Red,M,1
30839,834042,1194,-10.63,Blue,O,5
3570,320000,1480,-7.58,Red,M,5
7720,7.92,1.34,2.44,yellow-White,F,3
3180,1,0.35,11.76,Red,M,1
4287,630000,1315,-9.2,Orange,K,5
8927,239000,35,-7.34,Blue,O,4
3752,209000,955,-11.24,Red,M,5
3511,64,109,17.12,Red,M,0
2871,72,0.12,19.43,Red,M,0
3650,310000,1324,-7.79,Red,M,5
3575,123000,45,-6.78,Red,M,4
5936,1.357,1.106,4.46,yellow-White,F,3
3462,53,148,11.47,Red,M,1
5112,0.63,876,4.68,Orange-Red,K,3
16390,1278,5.68,-3.32,Blue White,B,3
32460,173800,6.237,-4.36,Blue,O,3
2637,73,127,17.22,Red,M,0
3607,23,0.38,10.34,Red,M,1
32489,648430,1948.5,-10.84,Blue,O,5
2600,3,102,18.7,Red,M,0
11000,170000,1779,-9.9,Blue White,B,5
3541,13,256,14.33,Red,M,1
4980,357,1.13,4.78,Yellowish,K,3
24490,248490,1134.5,-8.24,Blue White,B,5
3432,67,0.19,16.94,Red,M,0
3523,54,319,12.43,Red,M,1
18290,13,934,12.78,Blue,B,2
3200,195000,17,-7.22,Red,M,4
9373,424520,24,-5.99,Blue,O,4
7220,17,11,14.23,White,F,2
2890,34,0.24,13.46,Red,M,1
8930,56,95,13.78,White,A,2
23440,537430,81,-5.975,Blue,O,4
10930,783930,25,-6.224,Blue,O,4
9700,74,2.89,0.16,Whitish,B,3
11900,67,898,11.38,Blue White,B,2
17383,342900,30,-6.09,Blue,O,4
3042,5,1.542,16.6,Red,M,0
17140,883,5.653,-2.64,Blue White,B,3
39000,204000,10.6,-4.7,Blue,O,3
3615,200000,1635,-11.33,Red,M,5
26373,198000,39,-5.83,Blue,O,4
3542,9,0.62,14.23,Red,M,1
8924,28,879,14.87,Blue White,A,2
3150,88,0.35,11.94,Red,M,1
9320,29,1.91,1.236,Blue White,A,3
3500,138000,1420,-8.18,Red,M,5
3625,74000,876,-10.25,Red,M,5
14245,231000,42,-6.12,Blue,O,4
12893,184000,36,-6.34,Blue,O,4
3692,367,0.47,10.8,Red,M,1
3225,76,121,19.63,Red,M,0
23092,132,104,10.18,Blue,B,2
22012,6748,6.64,-2.55,Blue White,B,3
37800,202900,6.86,-4.56,Blue,O,3
3399,117000,1486,-10.92,Red,M,5
7700,11,128,14.47,Yellowish White,F,2
3550,4,291,10.89,Red,M,1
24145,382993,1494,-8.84,Blue White,B,5
3834,272000,1183,-9.2,Red,M,5
3610,132000,1522,-10.86,Red,M,5
2700,18,0.13,16.05,Red,M,0
2621,6,98,12.81,Red,M,1
1939,138,103,20.06,Red,M,0
2831,231,915,16.21,Red,M,0
5800,0.81,0.9,05.05,yellow-White,F,3
2731,437,856,18.09,Red,M,0
3459,100000,1289,-10.7,Red,M,5
19860,11,131,11.34,Blue,B,2
3365,340000,23,-6.2,Red,M,4
26140,14520,5.49,-3.8,Blue White,B,3
17200,98,15,12.45,Blue White,B,2
9235,404940,1112,-11.23,White,A,5
3660,363000,1673,-11.92,Red,M,5
15276,1136,7.2,-1.97,Blue White,B,3
19923,152000,73,-5.69,Blue,O,4
33421,352000,67,-5.79,Blue,O,4
5752,245000,97,-6.63,Blue,O,4
9675,45,109,13.98,Blue White,A,2
14100,67,89,12.17,Blue White,B,2
2840,65,0.11,16.98,Red,M,0
38940,374830,1356,-9.93,Blue,O,5
30000,28840,6.3,-4.2,Blue White,B,3
13720,18,892,12.97,White,F,2
3341,56,57,16.23,Red,M,0
3324,65,471,12.78,Red,M,1
12984,88,996,11.23,Blue White,B,2
3490,270000,1520,-9.4,Red,M,5
3192,362,1.967,13.53,Red,M,1
10574,14,92,12.02,White,F,2
2799,18,0.16,14.79,Red,M,1
12990,85,984,12.23,Yellowish White,F,2
3342,15,307,11.87,Red,M,1
3600,320000,29,-6.6,Red,M,4
3218,54,0.11,20.02,Red,M,0
3749,550000,1648,-8.05,Orange,M,5
2800,2,0.16,16.65,Red,M,0
3158,135,161,13.98,Red,M,1
2778,849,112,19.45,Red,M,0
23095,347820,86,-5.905,Blue,O,4
15680,122,114,11.92,Blue,B,2
36108,198000,10.2,-4.4,Blue,O,3
3257,24,0.46,10.73,Red,M,1
29560,188000,06.02,-4.01,Blue White,B,3
7740,49,1.234,14.02,White,A,2
8945,38,2.487,0.12,Blue White,A,3
12749,332520,76,-7.02,Blue,O,4
8052,8.7,1.8,2.42,Whitish,A,3
23678,244290,35,-6.27,Blue,O,4
20120,4720,6.78,-3.4,Blue White,B,3
2989,87,0.34,13.12,Red,M,1
13089,788,5.992,-0.12,Blue White,A,3
28700,16790,6.4,-4.09,Blue White,B,3
3142,132,258,14.12,Red,M,1
10980,74,87,11.19,Blue White,B,2
14732,11,892,12.89,White,F,2
3218,452,987,17.34,Red,M,0
7282,131000,24,-7.22,Blue,O,4
2889,352,973,16.93,Red,M,0
3068,24,0.17,16.12,Red,M,0
2935,14,116,18.89,Red,M,0
18340,134,124,11.22,Blue,B,2
8829,537493,1423,-10.73,White,A,5
3598,27,0.67,13.667,Red,M,1
9030,45,2.63,1.45,Blue White,A,3
34190,198200,6.39,-4.57,Blue,O,3
3419,245,126,17.56,Red,M,0
11250,672,6.98,-2.3,Blue White,A,3
2600,4,96,17.4,Red,M,0
40000,813000,14,-6.23,Blue,O,4
18000,200000,1045,-8.3,Blue,O,5
7230,8,13,14.08,Pale yellow orange,F,2
33300,240000,12,-6.5,Blue,B,4
12675,452000,83,-5.62,Blue,O,4
25390,223000,57,-5.92,Blue,O,4
19920,156,142,11.34,Blue,B,2
2650,69,0.11,17.45,Red,M,0
3091,81,0.24,11.43,Red,M,1
3270,150000,88,-6.02,Red,M,4
23000,127000,36,-5.76,Blue,O,4
3574,200000,89,-5.24,Red,M,4
2817,98,911,16.45,Red,M,0
14520,82,972,11.92,Blue White,B,2
2968,461,119,17.45,Red,M,0
7100,29,12,14.09,White-Yellow,F,2
3243,23,0.73,14.75,Red,M,1
16787,246730,62,-6.35,Blue,O,4
3607,22,0.38,10.12,Red,M,1
18734,224780,46,-7.45,Blue,O,4
3600,240000,1190,-7.89,Red,M,5
3323,43,912,17.16,Red,M,0
3463,27,675,14.776,Red,M,1
8500,5,0.01,14.5,White,A,2
13420,59,981,13.67,Blue White,B,2
3100,8,0.31,11.17,Red,M,1
2994,72,0.28,13.45,Red,M,1
17120,235000,83,-6.89,Blue,O,4
6850,229000,1467,-10.07,Red,G,5
3450,174000,1284,-11.28,Red,M,5
14982,118,113,12.23,Blue,B,2
3614,145000,1553,-7.71,Red,M,5
3095,19,492,10.87,Red,M,1
24020,159,127,10.55,Blue,B,2
3600,29,0.51,10.69,Red,M,1
5587,819,0.99,05.03,yellow-White,F,3
25000,56,84,10.58,Blue White,B,2
12010,78,92,12.13,Blue White,B,2
14060,1092,5.745,-2.04,Blue White,A,3
21738,748890,92,-7.346,Blue,O,4
16790,14,121,12.87,Blue,B,2
2650,6,0.14,11.782,Red,M,1
3212,16,378,12.854,Red,M,1
3295,98,132,17.13,Red,M,0
37882,294903,1783,-7.8,Blue,O,5
26000,316000,1679,-9.1,Blue,B,5
17920,111,106,11.66,Blue,B,2
3598,11,0.56,14.26,Red,M,1
3441,39,351,11.18,Red,M,1
6380,1.35,0.98,2.93,yellow-White,F,3
21020,15,112,11.52,Blue,B,2
3553,145000,1324,-11.03,Red,M,5
3304,85,0.18,13.2,Red,M,1
2835,34,918,16.96,Red,M,0
4077,85,795,6.228,Yellowish,K,3
10012,552,5.856,13,Blue White,A,3
3450,263000,1349,-11.75,Red,M,5
3340,38,0.24,13.07,Red,M,1
3535,195000,1546,-11.36,Red,M,5
12912,71,945,12.83,Blue White,B,2
11567,251000,36,-6.245,Blue,O,4
8570,81,97,14.2,Blue White,A,2
2983,24,94,16.09,Red,M,0
3484,551,998,16.67,Red,M,0
9383,342940,98,-6.98,Blue,O,4
33750,220000,26,-6.1,Blue,B,4
11096,112000,12,-5.91,Blue,O,4
3008,280000,25,-6,Red,M,4
4015,282000,1534,-11.39,Red,K,5
3146,15,932,16.92,Red,M,0
3826,200000,19,-6.93,Red,M,4
3523,957,129,16.35,Red,M,0
9892,593900,80,-7.262,Blue,O,4
3625,184000,84,-6.74,Red,M,4
2945,32,93,18.34,Red,M,0
3324,34,0.34,12.23,Red,M,1
3605,126000,1124,-10.81,Red,M,5
12100,120000,708.9,-7.84,Blue White,B,5